{"setup": {"name": "literal search: byte offsets", "hardware": {"client": "go", "cpu": "Intel(R) Core(TM) i7-10700K CPU @ 3.80GHz"}}, "results": {"GNU grep": {"wall [s]": [4.02, 4.01, 4.1], "usr [s]": [3.35, 3.39, 3.49], "sys [s]": [0.66, 0.62, 0.6], "cpu [s]": [4.01, 4.01, 4.09]}, "xs grep": {"wall [s]": [0.33, 0.33, 0.33], "usr [s]": [1.66, 1.64, 1.63], "sys [s]": [0.41, 0.42, 0.44], "cpu [s]": [2.07, 2.06, 2.07]}, "xs grep meta": {"wall [s]": [0.34, 0.34, 0.34], "usr [s]": [1.76, 1.71, 1.65], "sys [s]": [0.44, 0.46, 0.53], "cpu [s]": [2.2, 2.17, 2.1799999999999997]}, "xs grep -j 1": {"wall [s]": [1.09, 1.07, 1.06], "usr [s]": [0.77, 0.79, 0.75], "sys [s]": [0.31, 0.27, 0.31], "cpu [s]": [1.08, 1.06, 1.06]}, "xs grep -j 1 meta": {"wall [s]": [1.11, 1.1, 1.1], "usr [s]": [0.77, 0.78, 0.8], "sys [s]": [0.33, 0.32, 0.3], "cpu [s]": [1.1, 1.1, 1.1]}, "ripgrep": {"wall [s]": [1.27, 1.29, 1.24], "usr [s]": [0.94, 0.96, 0.95], "sys [s]": [0.32, 0.33, 0.28], "cpu [s]": [1.26, 1.29, 1.23]}, "ripgrep -j 1": {"wall [s]": [1.24, 1.29, 1.24], "usr [s]": [0.95, 1.02, 0.96], "sys [s]": [0.29, 0.27, 0.28], "cpu [s]": [1.24, 1.29, 1.24]}, "cat": {"wall [s]": [3.95, 3.93, 3.87], "usr [s]": [0.01, 0.01, 0.01], "sys [s]": [3.84, 3.92, 3.85], "cpu [s]": [3.8499999999999996, 3.9299999999999997, 3.86]}}}