{"setup": {"name": "literal search: byte offsets", "hardware": {"client": "go", "cpu": "Intel(R) Core(TM) i7-10700K CPU @ 3.80GHz"}}, "results": {"GNU grep": {"wall [s]": [3.31, 3.31, 3.22], "usr [s]": [2.68, 2.74, 2.57], "sys [s]": [0.62, 0.56, 0.64], "cpu [s]": [3.3000000000000003, 3.3000000000000003, 3.21]}, "xs grep": {"wall [s]": [0.31, 0.33, 0.33], "usr [s]": [1.66, 1.66, 1.64], "sys [s]": [0.38, 0.43, 0.42], "cpu [s]": [2.04, 2.09, 2.06]}, "xs grep meta": {"wall [s]": [0.34, 0.33, 0.34], "usr [s]": [1.79, 1.74, 1.76], "sys [s]": [0.37, 0.43, 0.38], "cpu [s]": [2.16, 2.17, 2.14]}, "xs grep -j 1": {"wall [s]": [0.89, 0.87, 0.9], "usr [s]": [0.58, 0.56, 0.56], "sys [s]": [0.31, 0.31, 0.33], "cpu [s]": [0.8899999999999999, 0.8700000000000001, 0.8900000000000001]}, "xs grep -j 1 meta": {"wall [s]": [0.9, 0.89, 0.9], "usr [s]": [0.53, 0.54, 0.58], "sys [s]": [0.36, 0.34, 0.31], "cpu [s]": [0.89, 0.8800000000000001, 0.8899999999999999]}, "ripgrep": {"wall [s]": [0.83, 0.84, 0.87], "usr [s]": [0.51, 0.53, 0.53], "sys [s]": [0.32, 0.3, 0.33], "cpu [s]": [0.8300000000000001, 0.8300000000000001, 0.8600000000000001]}, "ripgrep -j 1": {"wall [s]": [0.83, 0.87, 0.89], "usr [s]": [0.53, 0.56, 0.52], "sys [s]": [0.3, 0.3, 0.36], "cpu [s]": [0.8300000000000001, 0.8600000000000001, 0.88]}, "cat": {"wall [s]": [4.04, 3.81, 3.99], "usr [s]": [0.02, 0.01, 0.01], "sys [s]": [4.01, 3.78, 3.95], "cpu [s]": [4.029999999999999, 3.7899999999999996, 3.96]}}}