{"setup": {"name": "regex search: lines", "hardware": {"client": "go", "cpu": "Intel(R) Core(TM) i7-10700K CPU @ 3.80GHz"}}, "results": {"GNU grep": {"wall [s]": [4.02, 3.89, 3.96], "usr [s]": [3.42, 3.26, 3.45], "sys [s]": [0.6, 0.63, 0.5], "cpu [s]": [4.02, 3.8899999999999997, 3.95]}, "xs grep": {"wall [s]": [0.32, 0.32, 0.33], "usr [s]": [1.63, 1.71, 1.58], "sys [s]": [0.41, 0.37, 0.47], "cpu [s]": [2.04, 2.08, 2.05]}, "xs grep meta": {"wall [s]": [0.34, 0.32, 0.32], "usr [s]": [1.68, 1.7, 1.72], "sys [s]": [0.5, 0.43, 0.42], "cpu [s]": [2.1799999999999997, 2.13, 2.14]}, "xs grep -j 1": {"wall [s]": [1.07, 1.06, 1.08], "usr [s]": [0.78, 0.74, 0.74], "sys [s]": [0.29, 0.32, 0.34], "cpu [s]": [1.07, 1.06, 1.08]}, "xs grep -j 1 meta": {"wall [s]": [1.11, 1.09, 1.11], "usr [s]": [0.74, 0.76, 0.79], "sys [s]": [0.37, 0.32, 0.31], "cpu [s]": [1.1099999999999999, 1.08, 1.1]}, "ripgrep": {"wall [s]": [1.25, 1.24, 1.28], "usr [s]": [0.93, 0.95, 0.97], "sys [s]": [0.31, 0.28, 0.29], "cpu [s]": [1.24, 1.23, 1.26]}, "ripgrep -j 1": {"wall [s]": [1.25, 1.24, 1.3], "usr [s]": [0.95, 0.91, 1.01], "sys [s]": [0.3, 0.32, 0.29], "cpu [s]": [1.25, 1.23, 1.3]}, "cat": {"wall [s]": [3.97, 3.86, 3.86], "usr [s]": [0.01, 0.0, 0.01], "sys [s]": [3.95, 3.86, 3.85], "cpu [s]": [3.96, 3.86, 3.86]}}}