{"setup": {"name": "literal search: line numbers", "hardware": {"client": "go", "cpu": "Intel(R) Core(TM) i7-10700K CPU @ 3.80GHz"}}, "results": {"GNU grep": {"wall [s]": [6.67, 6.36, 6.35], "usr [s]": [5.92, 5.73, 5.81], "sys [s]": [0.74, 0.62, 0.54], "cpu [s]": [6.66, 6.3500000000000005, 6.35]}, "xs grep": {"wall [s]": [0.8, 0.81, 0.8], "usr [s]": [5.19, 5.23, 5.19], "sys [s]": [0.41, 0.39, 0.4], "cpu [s]": [5.6000000000000005, 5.62, 5.590000000000001]}, "xs grep meta": {"wall [s]": [0.33, 0.33, 0.34], "usr [s]": [1.75, 1.67, 1.69], "sys [s]": [0.4, 0.48, 0.53], "cpu [s]": [2.15, 2.15, 2.2199999999999998]}, "xs grep -j 1": {"wall [s]": [4.23, 4.24, 4.44], "usr [s]": [3.94, 3.96, 4.06], "sys [s]": [0.29, 0.28, 0.37], "cpu [s]": [4.2299999999999995, 4.24, 4.43]}, "xs grep -j 1 meta": {"wall [s]": [1.13, 1.11, 1.12], "usr [s]": [0.75, 0.81, 0.81], "sys [s]": [0.37, 0.29, 0.31], "cpu [s]": [1.12, 1.1, 1.12]}, "ripgrep": {"wall [s]": [1.58, 1.61, 1.6], "usr [s]": [1.29, 1.35, 1.3], "sys [s]": [0.28, 0.25, 0.29], "cpu [s]": [1.57, 1.6, 1.59]}, "ripgrep -j 1": {"wall [s]": [1.58, 1.59, 1.58], "usr [s]": [1.29, 1.27, 1.25], "sys [s]": [0.29, 0.31, 0.32], "cpu [s]": [1.58, 1.58, 1.57]}, "cat": {"wall [s]": [3.8, 3.98, 3.92], "usr [s]": [0.01, 0.01, 0.01], "sys [s]": [3.78, 3.88, 3.9], "cpu [s]": [3.7899999999999996, 3.8899999999999997, 3.9099999999999997]}}}