{"setup": {"name": "literal case insensitive search: lines", "hardware": {"client": "go", "cpu": "Intel(R) Core(TM) i7-10700K CPU @ 3.80GHz"}}, "results": {"GNU grep": {"wall [s]": [10.54, 10.42, 10.84], "usr [s]": [9.87, 9.76, 10.28], "sys [s]": [0.65, 0.66, 0.56], "cpu [s]": [10.52, 10.42, 10.84]}, "xs grep": {"wall [s]": [1.42, 1.38, 1.38], "usr [s]": [9.69, 9.42, 9.7], "sys [s]": [0.7, 0.75, 0.74], "cpu [s]": [10.389999999999999, 10.17, 10.44]}, "xs grep meta": {"wall [s]": [1.43, 1.45, 1.41], "usr [s]": [9.81, 9.76, 9.63], "sys [s]": [0.8, 0.87, 0.76], "cpu [s]": [10.610000000000001, 10.629999999999999, 10.39]}, "xs grep -j 1": {"wall [s]": [2.06, 2.11, 2.1], "usr [s]": [1.71, 1.83, 1.8], "sys [s]": [0.34, 0.28, 0.3], "cpu [s]": [2.05, 2.1100000000000003, 2.1]}, "xs grep -j 1 meta": {"wall [s]": [2.12, 2.16, 2.14], "usr [s]": [1.82, 1.79, 1.77], "sys [s]": [0.3, 0.36, 0.36], "cpu [s]": [2.12, 2.15, 2.13]}, "ripgrep": {"wall [s]": [1.59, 1.64, 1.59], "usr [s]": [1.33, 1.33, 1.26], "sys [s]": [0.26, 0.3, 0.32], "cpu [s]": [1.59, 1.6300000000000001, 1.58]}, "ripgrep -j 1": {"wall [s]": [1.6, 1.71, 1.6], "usr [s]": [1.29, 1.33, 1.29], "sys [s]": [0.31, 0.37, 0.3], "cpu [s]": [1.6, 1.7000000000000002, 1.59]}, "cat": {"wall [s]": [3.8, 4.08, 3.76], "usr [s]": [0.0, 0.03, 0.02], "sys [s]": [3.79, 4.04, 3.74], "cpu [s]": [3.79, 4.07, 3.7600000000000002]}}}