{"setup": {"name": "literal search: byte offsets", "hardware": {"client": "go", "cpu": "Intel(R) Core(TM) i7-10700K CPU @ 3.80GHz"}}, "results": {"GNU grep": {"wall [s]": [10.52, 10.59, 10.47], "usr [s]": [9.91, 9.87, 9.76], "sys [s]": [0.61, 0.71, 0.71], "cpu [s]": [10.52, 10.579999999999998, 10.469999999999999]}, "xs grep": {"wall [s]": [0.54, 0.53, 0.53], "usr [s]": [3.67, 3.6, 3.61], "sys [s]": [0.32, 0.38, 0.36], "cpu [s]": [3.9899999999999998, 3.98, 3.9699999999999998]}, "xs grep meta": {"wall [s]": [0.55, 0.56, 0.55], "usr [s]": [3.57, 3.56, 3.61], "sys [s]": [0.37, 0.39, 0.42], "cpu [s]": [3.94, 3.95, 4.03]}, "xs grep -j 1": {"wall [s]": [3.51, 3.66, 3.66], "usr [s]": [3.19, 3.33, 3.33], "sys [s]": [0.31, 0.32, 0.32], "cpu [s]": [3.5, 3.65, 3.65]}, "xs grep -j 1 meta": {"wall [s]": [3.55, 3.65, 3.57], "usr [s]": [3.24, 3.41, 3.17], "sys [s]": [0.3, 0.24, 0.4], "cpu [s]": [3.54, 3.6500000000000004, 3.57]}, "ripgrep": {"wall [s]": [2.58, 2.6, 2.6], "usr [s]": [2.27, 2.29, 2.29], "sys [s]": [0.31, 0.31, 0.3], "cpu [s]": [2.58, 2.6, 2.59]}, "ripgrep -j 1": {"wall [s]": [2.58, 2.6, 2.64], "usr [s]": [2.3, 2.25, 2.36], "sys [s]": [0.28, 0.34, 0.28], "cpu [s]": [2.58, 2.59, 2.6399999999999997]}, "cat": {"wall [s]": [3.86, 3.87, 3.84], "usr [s]": [0.01, 0.0, 0.01], "sys [s]": [3.83, 3.86, 3.81], "cpu [s]": [3.84, 3.86, 3.82]}}}