{"setup": {"name": "literal search: line numbers", "hardware": {"client": "go", "cpu": "Intel(R) Core(TM) i7-10700K CPU @ 3.80GHz"}}, "results": {"GNU grep": {"wall [s]": [5.71, 5.69, 5.65], "usr [s]": [5.08, 5.06, 4.99], "sys [s]": [0.62, 0.62, 0.65], "cpu [s]": [5.7, 5.68, 5.640000000000001]}, "xs grep": {"wall [s]": [0.8, 0.77, 0.78], "usr [s]": [5.16, 5.03, 5.11], "sys [s]": [0.39, 0.45, 0.43], "cpu [s]": [5.55, 5.48, 5.54]}, "xs grep meta": {"wall [s]": [0.33, 0.33, 0.34], "usr [s]": [1.69, 1.81, 1.7], "sys [s]": [0.45, 0.37, 0.47], "cpu [s]": [2.14, 2.18, 2.17]}, "xs grep -j 1": {"wall [s]": [4.02, 4.06, 4.04], "usr [s]": [3.64, 3.76, 3.73], "sys [s]": [0.38, 0.3, 0.31], "cpu [s]": [4.0200000000000005, 4.06, 4.04]}, "xs grep -j 1 meta": {"wall [s]": [0.91, 0.91, 0.9], "usr [s]": [0.6, 0.56, 0.57], "sys [s]": [0.3, 0.34, 0.33], "cpu [s]": [0.8999999999999999, 0.9000000000000001, 0.8999999999999999]}, "ripgrep": {"wall [s]": [1.17, 1.16, 1.16], "usr [s]": [0.86, 0.85, 0.86], "sys [s]": [0.3, 0.3, 0.3], "cpu [s]": [1.16, 1.15, 1.16]}, "ripgrep -j 1": {"wall [s]": [1.19, 1.17, 1.16], "usr [s]": [0.85, 0.89, 0.87], "sys [s]": [0.33, 0.28, 0.29], "cpu [s]": [1.18, 1.17, 1.16]}, "cat": {"wall [s]": [3.83, 3.87, 3.86], "usr [s]": [0.01, 0.01, 0.0], "sys [s]": [3.81, 3.85, 3.85], "cpu [s]": [3.82, 3.86, 3.85]}}}