{"setup": {"name": "literal search: LZ4 compressed input", "hardware": {"client": "go", "cpu": "Intel(R) Core(TM) i7-10700K CPU @ 3.80GHz"}}, "results": {"zstdcat | GNU grep": {"wall [s]": [6.43], "usr [s]": [2.96], "sys [s]": [1.19], "cpu [s]": [4.15]}, "zstdcat | xs grep": {"wall [s]": [5.25, 5.43, 5.76], "usr [s]": [3.08, 3.11, 3.49], "sys [s]": [2.01, 2.15, 2.13], "cpu [s]": [5.09, 5.26, 5.62]}, "xs grep meta": {"wall [s]": [0.04, 0.03, 0.04], "usr [s]": [0.14, 0.13, 0.17], "sys [s]": [0.08, 0.08, 0.05], "cpu [s]": [0.22000000000000003, 0.21000000000000002, 0.22000000000000003]}, "xs grep -j 1 meta": {"wall [s]": [0.09, 0.09, 0.11], "usr [s]": [0.07, 0.07, 0.09], "sys [s]": [0.01, 0.01, 0.01], "cpu [s]": [0.08, 0.08, 0.09999999999999999]}, "zstdcat": {"wall [s]": [6.29, 6.45], "usr [s]": [2.91, 2.98], "sys [s]": [3.38, 3.46], "cpu [s]": [6.29, 6.4399999999999995]}, "zstdcat | xs grep -j 1": {"wall [s]": [5.88, 6.82], "usr [s]": [2.95, 4.11], "sys [s]": [2.18, 1.87], "cpu [s]": [5.130000000000001, 5.98]}, "zstdcat | ripgrep": {"wall [s]": [6.05], "usr [s]": [3.91], "sys [s]": [1.56], "cpu [s]": [5.470000000000001]}}}