{"setup": {"name": "literal search: ZStandard compressed input", "hardware": {"client": "go", "cpu": "Intel(R) Core(TM) i7-10700K CPU @ 3.80GHz"}}, "results": {"zstdcat | GNU grep": {"wall [s]": [8.08, 7.63, 7.95], "usr [s]": [6.0, 5.49, 5.74], "sys [s]": [1.15, 1.25, 1.27], "cpu [s]": [7.15, 6.74, 7.01]}, "zstdcat | xs grep": {"wall [s]": [8.01, 8.0, 8.24], "usr [s]": [5.81, 5.92, 6.0], "sys [s]": [1.3, 1.25, 1.36], "cpu [s]": [7.109999999999999, 7.17, 7.36]}, "xs grep meta": {"wall [s]": [0.95, 0.95, 1.17], "usr [s]": [7.21, 7.2, 8.31], "sys [s]": [0.27, 0.28, 0.2], "cpu [s]": [7.48, 7.48, 8.51]}, "zstdcat | xs grep -j 1": {"wall [s]": [8.88, 8.09, 8.78], "usr [s]": [6.24, 5.53, 6.17], "sys [s]": [1.26, 1.29, 1.21], "cpu [s]": [7.5, 6.82, 7.38]}, "xs grep -j 1 meta": {"wall [s]": [4.9, 4.51, 4.93], "usr [s]": [4.75, 4.41, 4.81], "sys [s]": [0.14, 0.09, 0.12], "cpu [s]": [4.89, 4.5, 4.93]}, "zstdcat | ripgrep": {"wall [s]": [8.04, 8.01, 8.03], "usr [s]": [5.8, 5.76, 5.83], "sys [s]": [1.23, 1.21, 1.19], "cpu [s]": [7.029999999999999, 6.97, 7.02]}, "zstdcat": {"wall [s]": [9.05, 9.96, 9.11], "usr [s]": [5.86, 6.31, 5.51], "sys [s]": [3.18, 3.58, 3.57], "cpu [s]": [9.040000000000001, 9.89, 9.08]}}}