{"setup": {"name": "literal search: lines", "hardware": {"client": "go", "cpu": "Intel(R) Core(TM) i7-10700K CPU @ 3.80GHz"}}, "results": {"GNU grep": {"wall [s]": [3.28, 3.23, 3.16], "usr [s]": [2.65, 2.58, 2.56], "sys [s]": [0.62, 0.64, 0.59], "cpu [s]": [3.27, 3.22, 3.15]}, "xs grep": {"wall [s]": [0.35, 0.32, 0.32], "usr [s]": [1.77, 1.73, 1.64], "sys [s]": [0.39, 0.35, 0.43], "cpu [s]": [2.16, 2.08, 2.07]}, "xs grep meta": {"wall [s]": [0.39, 0.33, 0.34], "usr [s]": [1.98, 1.69, 1.73], "sys [s]": [0.53, 0.47, 0.41], "cpu [s]": [2.51, 2.16, 2.14]}, "xs grep -j 1": {"wall [s]": [0.86, 0.86, 0.87], "usr [s]": [0.54, 0.56, 0.52], "sys [s]": [0.32, 0.3, 0.35], "cpu [s]": [0.8600000000000001, 0.8600000000000001, 0.87]}, "xs grep -j 1 meta": {"wall [s]": [0.98, 0.88, 0.89], "usr [s]": [0.61, 0.57, 0.56], "sys [s]": [0.36, 0.31, 0.33], "cpu [s]": [0.97, 0.8799999999999999, 0.8900000000000001]}, "ripgrep": {"wall [s]": [0.88, 0.84, 0.84], "usr [s]": [0.57, 0.54, 0.48], "sys [s]": [0.3, 0.3, 0.35], "cpu [s]": [0.8699999999999999, 0.8400000000000001, 0.83]}, "ripgrep -j 1": {"wall [s]": [0.86, 0.88, 0.84], "usr [s]": [0.56, 0.55, 0.51], "sys [s]": [0.3, 0.32, 0.33], "cpu [s]": [0.8600000000000001, 0.8700000000000001, 0.8400000000000001]}, "cat": {"wall [s]": [3.8, 3.86, 3.79], "usr [s]": [0.01, 0.0, 0.0], "sys [s]": [3.78, 3.85, 3.78], "cpu [s]": [3.7899999999999996, 3.85, 3.78]}}}